ts,action,inputs,rationale_short,code_path,outputs,status
2025-11-08T13:50:31Z,inspect_dataset,childhoodbalancedpublic_original.csv,Preview columns to ground hypotheses,,Found 718 columns; key vars: externalreligion; religion; monogamy; classteen; ix5iyv3; wz901dj; npvfh98; hp9qz6f,success
2025-11-08T13:50:31Z,init_artifacts,N/A,Bootstrap minimal artifacts per AGENTS.md,analysis/; artifacts/; lit/; notebooks/; reports/,Created hypotheses.csv; results.csv; PAP draft; notebook; paper skeleton; codebook and survey_design TODOs,success
2025-11-08T13:50:31Z,seed_literature,Felitti1998 DOI,Seed references and evidence map,lit/bibliography.bib,Added ACE study to bibliography and evidence_map.csv (E1),success
2025-11-08T13:50:31Z,semantic_scholar_query,childhood religion religiosity adult wellbeing mental health,Required CLI and API key missing; created placeholder; will run once available,lit/queries/loop_000/query_001.json,Deferred query saved with reason,deferred
2025-11-08T13:51:31Z,semantic_scholar_attempt,search: childhood religion religiosity adult wellbeing mental health,Attempted unauthenticated call via helper; API returned 429 (rate limit); keeping placeholder,scripts/semantic_scholar_cli.py,lit/queries/loop_000/query_001.json,failed
2025-11-08T13:51:54.229771+00:00,bootstrap,phase:literature,runner auto-log,runner.py,experiment_4a_aella_minimal_direct_edits_not_json/analysis/pre_analysis_plan.md;experiment_4a_aella_minimal_direct_edits_not_json/artifacts/.s2_rate_limit.json;experiment_4a_aella_minimal_direct_edits_not_json/artifacts/repro_report.md;experiment_4a_aella_minimal_direct_edits_not_json/artifacts/session_info.txt;experiment_4a_aella_minimal_direct_edits_not_json/lit/bibliography.md;experiment_4a_aella_minimal_direct_edits_not_json/lit/evidence_map.csv;experiment_4a_aella_minimal_direct_edits_not_json/runner.py;experiment_4b_aella_extensive_direct_edits_not_json/analysis/code/disclosure_check.py;experiment_4b_aella_extensive_direct_edits_not_json/analysis/decision_log.csv;experiment_4b_aella_extensive_direct_edits_not_json/analysis/pre_analysis_plan.md;experiment_4b_aella_extensive_direct_edits_not_json/artifacts/.s2_rate_limit.json;experiment_4b_aella_extensive_direct_edits_not_json/artifacts/checksums.json;experiment_4b_aella_extensive_direct_edits_not_json/artifacts/repro_report.md;experiment_4b_aella_extensive_direct_edits_not_json/artifacts/session_info.txt;experiment_4b_aella_extensive_direct_edits_not_json/artifacts/state.json;experiment_4b_aella_extensive_direct_edits_not_json/notebooks/research_notebook.md;experiment_4b_aella_extensive_direct_edits_not_json/runner.py;experiment_4b_aella_extensive_direct_edits_not_json/scripts/semantic_scholar_cli.py;experiment_4c_aella_minimal_gpt-5_not_codex_and_direct_edits_not_json/analysis/decision_log.csv;experiment_4c_aella_minimal_gpt-5_not_codex_and_direct_edits_not_json/artifacts/state.json,success
2025-11-08T13:54:12Z,semantic_scholar_query,search: childhood religion religiosity adult wellbeing mental health,Attempted via helper; HTTP 429 unauthenticated; saved placeholder,scripts/semantic_scholar_cli.py,lit/queries/loop_000/query_002.json,failed
2025-11-08T13:54:46.684278+00:00,loop_001,phase:literature,runner auto-log,runner.py,experiment_4a_aella_minimal_direct_edits_not_json/analysis/decision_log.csv;experiment_4a_aella_minimal_direct_edits_not_json/notebooks/research_notebook.md;experiment_4a_aella_minimal_direct_edits_not_json/reports/paper.md;experiment_4b_aella_extensive_direct_edits_not_json/analysis/decision_log.csv;experiment_4b_aella_extensive_direct_edits_not_json/artifacts/state.json;experiment_4c_aella_minimal_gpt-5_not_codex_and_direct_edits_not_json/analysis/decision_log.csv;experiment_4c_aella_minimal_gpt-5_not_codex_and_direct_edits_not_json/artifacts/.s2_rate_limit.json;experiment_4c_aella_minimal_gpt-5_not_codex_and_direct_edits_not_json/artifacts/last_model_raw.txt;experiment_4c_aella_minimal_gpt-5_not_codex_and_direct_edits_not_json/artifacts/repro_report.md;experiment_4c_aella_minimal_gpt-5_not_codex_and_direct_edits_not_json/artifacts/session_info.txt;experiment_4c_aella_minimal_gpt-5_not_codex_and_direct_edits_not_json/artifacts/state.json;experiment_4c_aella_minimal_gpt-5_not_codex_and_direct_edits_not_json/notebooks/research_notebook.md;experiment_4c_aella_minimal_gpt-5_not_codex_and_direct_edits_not_json/artifacts/git_message.txt;experiment_4c_aella_minimal_gpt-5_not_codex_and_direct_edits_not_json/artifacts/llm_raw/loop_001.txt;experiment_4c_aella_minimal_gpt-5_not_codex_and_direct_edits_not_json/lit/queries/loop_000/query_002.json,success
2025-11-08T14:00:02Z,run_eda,childhoodbalancedpublic_original.csv,Profile key vars; create safe public counts,scripts/analysis/eda.py,outputs/eda_summary.json;tables/key_vars_value_counts.csv,success
2025-11-08T14:00:02Z,align_columns_and_codebook,analysis/hypotheses.csv,Use actual dataset labels for outcome items; expand codebook,data/codebook.yaml,analysis/hypotheses.csv;data/codebook.yaml,success
2025-11-08T14:00:02Z,semantic_scholar_query,deferred,No .env S2_API_Key; skip network call this loop,scripts/semantic_scholar_cli.py,lit/queries/loop_000/query_001.json,deferred
2025-11-08T14:00:58.199815+00:00,loop_002,phase:literature,runner auto-log,runner.py,experiment_4a_aella_minimal_direct_edits_not_json/artifacts/last_commit.txt;experiment_4b_aella_extensive_direct_edits_not_json/analysis/decision_log.csv;experiment_4b_aella_extensive_direct_edits_not_json/artifacts/repro_report.md;experiment_4b_aella_extensive_direct_edits_not_json/artifacts/session_info.txt;experiment_4c_aella_minimal_gpt-5_not_codex_and_direct_edits_not_json/analysis/decision_log.csv;experiment_4c_aella_minimal_gpt-5_not_codex_and_direct_edits_not_json/analysis/hypotheses.csv;experiment_4c_aella_minimal_gpt-5_not_codex_and_direct_edits_not_json/analysis/pre_analysis_plan.md;experiment_4c_aella_minimal_gpt-5_not_codex_and_direct_edits_not_json/artifacts/last_model_raw.txt;experiment_4c_aella_minimal_gpt-5_not_codex_and_direct_edits_not_json/artifacts/state.json;experiment_4c_aella_minimal_gpt-5_not_codex_and_direct_edits_not_json/data/codebook.yaml;experiment_4c_aella_minimal_gpt-5_not_codex_and_direct_edits_not_json/notebooks/research_notebook.md;experiment_4c_aella_minimal_gpt-5_not_codex_and_direct_edits_not_json/reports/paper.md;experiment_4c_aella_minimal_gpt-5_not_codex_and_direct_edits_not_json/artifacts/git_message.txt;experiment_4c_aella_minimal_gpt-5_not_codex_and_direct_edits_not_json/artifacts/llm_raw/loop_002.txt;experiment_4c_aella_minimal_gpt-5_not_codex_and_direct_edits_not_json/outputs/;experiment_4c_aella_minimal_gpt-5_not_codex_and_direct_edits_not_json/tables/,success
2025-11-08T15:06:00Z,run_models,"childhoodbalancedpublic_original.csv; analysis/hypotheses.csv",Generate exploratory OLS estimates for H1â€“H4,scripts/analysis/run_models.py,analysis/results.csv,success
2025-11-08T15:06:20Z,semantic_scholar_query,search: childhood religion religiosity adult wellbeing mental health,Attempted via helper; unauthenticated 429; saved structured error,scripts/semantic_scholar_cli.py,lit/queries/loop_003/query_002.json,failed
